Timestamp,Perlakuan,Alasan,Frekuensi,daun bawang,merica,telur,pok cai,nugget or sausage.,seledri,kerupuk/emping,cheese stick,kacang,telor,kaldu,kremesan,cai po (lobak cina),kulit pangsit,cakue/cakwe/youtiao,kecap,cheesestick,sambal,bawang goreng,usus ayam,kulit ayam,telur puyuh,hati ayam,ampela/rempela/empedal ayam,Harga,Jenis Kelamin,Usia
4/25/2015 14:06:55,Tidak diaduk,karena memberikan rasa crispy ,2,No,Yes,No,No,No,Yes,Yes,No,Yes,No,Yes,No,No,No,Yes,Yes,No,Yes,Yes,Yes,No,No,No,No,5000,Perempuan,14
4/14/2015 7:22:59,Tidak diaduk,mengikuti cara ibu saya,Tidak tentu (dalam satu minggu belum tentu makan bubur ayam),No,Yes,No,No,No,Yes,No,No,Yes,No,Yes,No,No,No,Yes,Yes,No,Yes,Yes,Yes,No,No,No,No,10000,Perempuan,14
4/14/2015 11:02:20,Diaduk,bumbunya kayak merica blablabla keaduk,berusaha menghindar karena gasuka bubur,No,Yes,No,No,No,No,Yes,No,No,No,Yes,No,No,No,Yes,Yes,No,No,No,No,No,No,No,No,10000,Perempuan,14
4/13/2015 22:32:22,Diaduk,Lebih mantap,Tidak tentu (dalam satu minggu belum tentu makan bubur ayam),No,No,No,No,No,No,Yes,No,Yes,No,No,No,No,No,No,Yes,No,No,Yes,No,No,No,No,Yes,12000,Laki-laki,14
4/13/2015 22:32:14,Diaduk,bumbunya nyampur rasanya lebih enak,Tidak tentu (dalam satu minggu belum tentu makan bubur ayam),No,Yes,No,No,No,No,Yes,No,No,No,Yes,No,No,No,Yes,Yes,No,No,No,Yes,No,Yes,Yes,Yes,15000,Perempuan,14
4/13/2015 22:03:40,Diaduk,,Tidak tentu (dalam satu minggu belum tentu makan bubur ayam),No,No,No,No,No,Yes,Yes,No,No,No,No,No,No,No,Yes,Yes,No,No,Yes,Yes,No,No,No,No,20000,Perempuan,14
4/14/2015 8:09:29,Tidak diaduk,soalnya kalo diaduk jadi benyek2 gt,Tidak tentu (dalam satu minggu belum tentu makan bubur ayam),No,No,No,No,No,No,Yes,No,No,No,Yes,No,No,No,No,Yes,No,No,Yes,Yes,No,No,No,No,6000,Perempuan,15
4/14/2015 10:05:38,Tidak diaduk,dimakan aja apa yang disendok,Tidak tentu (dalam satu minggu belum tentu makan bubur ayam),No,No,No,No,No,Yes,Yes,No,Yes,No,Yes,No,No,No,Yes,No,No,Yes,Yes,No,No,No,No,Yes,6000,Perempuan,15
4/13/2015 22:18:18,Tidak diaduk,biar isinya keliatan ,Tidak tentu (dalam satu minggu belum tentu makan bubur ayam),No,Yes,No,No,No,Yes,Yes,No,No,No,Yes,No,No,No,Yes,Yes,No,Yes,Yes,Yes,No,Yes,No,No,7000,Laki-laki,15
4/13/2015 22:22:28,Diaduk,biar semua komponen kerasa,Tidak tentu (dalam satu minggu belum tentu makan bubur ayam),No,No,No,No,No,No,Yes,No,No,No,Yes,No,No,No,Yes,Yes,No,Yes,Yes,No,No,No,No,No,7000,Perempuan,15
4/22/2015 15:56:25,Diaduk,agar rasa bumbu dari bubur ayam terasa enak ,Tidak tentu (dalam satu minggu belum tentu makan bubur ayam),No,No,No,No,No,No,No,No,No,No,No,No,No,No,No,No,No,Yes,No,No,No,No,No,No,7000,Perempuan,15
4/14/2015 7:43:47,Diaduk,"karena lebih nyampur, jadi lebih lezat",Tidak tentu (dalam satu minggu belum tentu makan bubur ayam),No,No,No,No,No,Yes,No,No,No,No,No,No,No,No,Yes,No,No,Yes,Yes,No,No,No,No,No,8000,Perempuan,15
4/13/2015 22:09:22,Diaduk,karena saya kurang suka kerupuk dan biasanya kerupuk di bubur ayam menggangu hidup saya jadi saya mengaduknya agar saya bisa menghancurkan hidup si kerupuk,3,No,Yes,No,No,No,Yes,No,No,Yes,Yes,No,No,No,No,No,No,No,No,Yes,Yes,No,Yes,No,No,9000,Perempuan,15
4/13/2015 22:22:20,Tidak diaduk,,Tidak tentu (dalam satu minggu belum tentu makan bubur ayam),No,No,No,No,No,No,No,No,No,No,Yes,No,No,No,Yes,Yes,No,No,No,No,No,No,Yes,No,9000,Perempuan,15
4/14/2015 9:39:29,Diaduk,lebih enak kl semuanya rata,Tidak tentu (dalam satu minggu belum tentu makan bubur ayam),No,Yes,No,No,No,Yes,No,No,No,No,Yes,No,No,No,Yes,Yes,No,Yes,No,Yes,No,No,No,No,9000,Perempuan,15
4/13/2015 22:04:05,Tidak diaduk,,Tidak tentu (dalam satu minggu belum tentu makan bubur ayam),No,No,No,No,No,No,No,No,Yes,No,No,No,No,No,No,No,No,Yes,No,No,No,Yes,No,No,10000,Perempuan,15
4/13/2015 22:04:09,Diaduk,supaya semuanya ada dalam sekali suap,Tidak tentu (dalam satu minggu belum tentu makan bubur ayam),No,No,No,No,No,Yes,No,No,Yes,No,Yes,No,No,No,Yes,Yes,No,No,Yes,No,No,No,No,Yes,10000,Perempuan,15
4/13/2015 22:05:06,Diaduk,semua bagian buburnya jadi kerasa enak,Tidak tentu (dalam satu minggu belum tentu makan bubur ayam),No,No,No,No,No,No,Yes,No,Yes,No,Yes,No,No,No,Yes,Yes,No,No,No,No,Yes,Yes,No,Yes,10000,Laki-laki,15
4/13/2015 22:10:53,Tidak diaduk,Suka2,Tidak tentu (dalam satu minggu belum tentu makan bubur ayam),No,No,No,No,No,Yes,Yes,No,No,No,Yes,No,No,No,Yes,Yes,No,No,No,Yes,No,No,No,No,10000,Perempuan,15
4/13/2015 22:11:33,Diaduk,biar sama rata,Tidak tentu (dalam satu minggu belum tentu makan bubur ayam),No,No,No,No,No,No,Yes,No,Yes,No,Yes,No,No,No,Yes,Yes,No,Yes,No,Yes,Yes,Yes,No,No,10000,Perempuan,15
4/13/2015 22:13:45,Tidak diaduk,biar ga geli,3,No,Yes,No,No,No,Yes,Yes,No,No,No,Yes,No,No,No,Yes,Yes,No,No,Yes,Yes,No,Yes,No,Yes,10000,Perempuan,15
4/13/2015 22:20:51,Tidak diaduk,,Tidak tentu (dalam satu minggu belum tentu makan bubur ayam),No,Yes,No,No,No,Yes,Yes,No,No,No,Yes,No,No,No,Yes,No,No,Yes,Yes,No,Yes,No,No,No,10000,Perempuan,15
4/13/2015 22:24:33,Tidak diaduk,ga suka ayamnya,Tidak tentu (dalam satu minggu belum tentu makan bubur ayam),No,No,No,No,No,No,No,No,No,No,No,No,No,No,Yes,No,No,Yes,Yes,No,No,No,No,No,10000,Perempuan,15
4/13/2015 22:25:04,Diaduk,lebih enak ,Tidak tentu (dalam satu minggu belum tentu makan bubur ayam),No,No,No,No,No,No,No,No,No,No,No,No,No,No,Yes,No,No,No,No,No,No,No,No,Yes,10000,Perempuan,15
4/13/2015 22:38:28,Diaduk,bumbunya rata,Tidak tentu (dalam satu minggu belum tentu makan bubur ayam),No,Yes,No,No,No,Yes,Yes,No,No,No,Yes,No,No,No,Yes,No,No,Yes,Yes,No,No,Yes,No,Yes,10000,Perempuan,15
4/14/2015 4:45:18,Tidak diaduk,,Tidak tentu (dalam satu minggu belum tentu makan bubur ayam),No,No,No,No,No,No,Yes,No,Yes,No,Yes,No,No,No,Yes,Yes,No,Yes,No,Yes,No,No,No,No,10000,Perempuan,15
4/14/2015 6:44:56,Diaduk,"Biar enak aja, topping sama segala macam bumbu nyampur",Tidak tentu (dalam satu minggu belum tentu makan bubur ayam),No,No,No,No,No,No,Yes,No,No,No,No,No,No,No,Yes,No,Yes,No,Yes,No,No,No,No,No,10000,Perempuan,15
4/14/2015 7:49:38,Diaduk,Ada rasa,Tidak tentu (dalam satu minggu belum tentu makan bubur ayam),No,No,No,No,No,Yes,Yes,No,Yes,No,Yes,No,No,No,No,Yes,No,Yes,No,Yes,No,Yes,Yes,Yes,10000,Perempuan,15
4/14/2015 7:57:58,Tidak diaduk,Kl di aduk jd aneehh,Tidak tentu (dalam satu minggu belum tentu makan bubur ayam),No,Yes,No,No,No,No,Yes,No,No,No,No,No,No,No,Yes,No,No,No,No,Yes,No,No,No,No,10000,Perempuan,15
4/14/2015 8:00:05,Diaduk,Agar rasanya menyatu kayak kacang-kacangnya gitu sama daging dagingnya.,Tidak tentu (dalam satu minggu belum tentu makan bubur ayam),No,No,No,No,No,No,Yes,No,Yes,No,No,No,No,No,No,Yes,No,No,Yes,No,No,Yes,No,Yes,10000,Laki-laki,15
4/14/2015 8:07:39,Diaduk,Biar kerasa terus rata bumbu2 yg ngendap dibawah,Tidak tentu (dalam satu minggu belum tentu makan bubur ayam),No,No,No,No,No,Yes,Yes,No,Yes,No,No,No,No,No,Yes,Yes,No,No,Yes,No,No,No,No,No,10000,Laki-laki,15
4/14/2015 8:39:09,Diaduk,Agar campuran dari bubur ayam tersebut menjadi satu ,Tidak tentu (dalam satu minggu belum tentu makan bubur ayam),No,Yes,No,No,No,Yes,Yes,No,No,No,No,No,No,No,Yes,Yes,No,No,Yes,Yes,No,No,No,Yes,10000,Laki-laki,15
4/26/2015 16:08:35,Tidak diaduk,Karena kalo diaduk jijik,Tidak tentu (dalam satu minggu belum tentu makan bubur ayam),No,No,No,No,No,No,Yes,No,No,No,Yes,No,No,No,Yes,Yes,No,No,No,Yes,No,Yes,No,No,10000,Perempuan,15
4/13/2015 22:09:03,Diaduk,tercampur kaldu kecap ayam dll,Tidak tentu (dalam satu minggu belum tentu makan bubur ayam),No,No,No,No,No,No,Yes,No,No,No,Yes,No,No,No,No,Yes,No,No,No,No,No,No,No,No,11000,Perempuan,15
4/13/2015 22:49:31,Tidak diaduk,rasa masih orisinil,1,No,Yes,No,No,No,Yes,No,Yes,No,No,Yes,No,No,No,Yes,No,No,No,Yes,Yes,No,Yes,No,No,11000,Perempuan,15
4/14/2015 6:56:34,Tidak diaduk,karena saya suka buburnya saja,Tidak tentu (dalam satu minggu belum tentu makan bubur ayam),No,No,No,No,No,No,No,No,No,No,No,No,No,No,No,No,No,Yes,No,Yes,No,No,No,No,11000,Perempuan,15
4/13/2015 22:05:43,Diaduk,biar nyampur,Tidak tentu (dalam satu minggu belum tentu makan bubur ayam),No,Yes,No,No,No,Yes,Yes,No,No,No,Yes,No,No,No,Yes,No,No,No,No,No,No,No,No,No,12000,Perempuan,15
4/13/2015 22:19:33,Diaduk,biar rasanya merata,Tidak tentu (dalam satu minggu belum tentu makan bubur ayam),No,Yes,No,No,No,No,Yes,No,No,No,No,No,No,No,Yes,Yes,No,No,Yes,No,No,No,No,No,12000,Perempuan,15
4/14/2015 3:38:03,Diaduk,biar pedesnya rata biar tiap suap dapet semua btw masalah keliatannya jadi jelek ya skrg rendang aja kan bentuknya kaya tai tapi rasanya enak enak aja tuh,3,No,Yes,No,No,No,No,Yes,No,No,No,Yes,No,No,No,Yes,Yes,No,Yes,Yes,Yes,No,Yes,No,Yes,12000,Laki-laki,15
4/14/2015 8:14:01,Diaduk,agar merata,1,No,Yes,No,No,No,Yes,No,Yes,No,No,No,No,No,No,Yes,Yes,No,Yes,Yes,No,No,No,No,No,12000,Laki-laki,15
4/19/2015 13:06:23,Diaduk,lebih manchay,Tidak tentu (dalam satu minggu belum tentu makan bubur ayam),No,No,No,No,No,Yes,Yes,No,No,No,Yes,No,No,No,Yes,Yes,No,No,Yes,No,No,No,No,No,12000,Perempuan,15
4/14/2015 10:45:56,Diaduk,Biar bumbunya nyampur,Tidak tentu (dalam satu minggu belum tentu makan bubur ayam),No,Yes,No,No,No,No,Yes,No,No,No,Yes,No,No,No,No,Yes,No,Yes,No,No,No,No,Yes,Yes,13000,Perempuan,15
4/14/2015 13:41:24,Diaduk,lebih gampang dan enak,3,No,Yes,No,No,No,No,Yes,No,No,No,Yes,No,No,No,Yes,Yes,No,No,Yes,Yes,No,No,No,No,14000,Perempuan,15
4/13/2015 22:01:47,Diaduk,Biar rata semua,1,No,Yes,No,No,No,Yes,Yes,No,No,No,Yes,No,No,No,Yes,Yes,No,Yes,Yes,Yes,No,Yes,No,No,15000,Perempuan,15
4/13/2015 22:09:09,Diaduk,,Tidak tentu (dalam satu minggu belum tentu makan bubur ayam),No,Yes,No,No,No,Yes,No,No,No,No,Yes,No,No,No,Yes,No,No,Yes,No,Yes,No,No,No,No,15000,Perempuan,15
4/13/2015 22:10:17,Diaduk,lah ntar ga nyampur dong ya diaduk lah,Tidak tentu (dalam satu minggu belum tentu makan bubur ayam),No,No,No,No,No,Yes,Yes,No,No,No,Yes,No,No,No,Yes,Yes,No,No,Yes,No,No,No,No,No,15000,Perempuan,15
4/13/2015 22:12:50,Diaduk,biar cepet dingin,Tidak tentu (dalam satu minggu belum tentu makan bubur ayam),No,Yes,No,No,No,No,Yes,No,No,No,No,No,No,No,Yes,Yes,No,Yes,No,Yes,No,Yes,No,No,15000,Laki-laki,15
4/14/2015 8:00:58,Diaduk,agar bumbunya merata,Tidak tentu (dalam satu minggu belum tentu makan bubur ayam),No,No,No,No,No,No,Yes,No,No,No,Yes,No,No,No,No,No,No,Yes,Yes,Yes,No,No,No,No,15000,Perempuan,15
4/13/2015 22:04:27,Diaduk,,Tidak tentu (dalam satu minggu belum tentu makan bubur ayam),No,Yes,No,No,No,No,Yes,No,No,No,Yes,No,No,No,Yes,Yes,No,No,No,Yes,No,No,No,No,18000,Laki-laki,15
4/23/2015 5:58:54,Diaduk,agar bumbu meresap,5,No,No,No,No,No,No,No,No,No,No,No,No,No,No,No,Yes,No,No,No,No,No,No,No,Yes,5000,Perempuan,16
4/14/2015 3:17:25,Tidak diaduk,Karena menghilangkan cita rasa,2,No,No,No,No,No,No,Yes,No,No,No,No,No,No,No,No,No,No,No,No,Yes,Yes,No,No,No,6000,Perempuan,16
4/13/2015 23:08:22,Diaduk,even distribution. math!,Tidak tentu (dalam satu minggu belum tentu makan bubur ayam),No,No,No,No,No,No,Yes,No,Yes,No,Yes,No,No,No,Yes,Yes,No,Yes,No,No,No,No,No,No,7000,Perempuan,16
4/14/2015 7:48:46,Diaduk,agar rasanya merata,Tidak tentu (dalam satu minggu belum tentu makan bubur ayam),No,No,No,No,No,No,Yes,No,No,No,Yes,No,No,No,Yes,Yes,No,No,Yes,No,No,No,No,Yes,7000,Perempuan,16
4/13/2015 22:14:42,Diaduk,Sukasuka,Tidak tentu (dalam satu minggu belum tentu makan bubur ayam),No,No,No,No,No,No,Yes,No,No,No,Yes,No,No,No,Yes,Yes,No,Yes,Yes,No,No,Yes,No,No,8000,Perempuan,16
4/13/2015 22:31:38,Diaduk,biar kecampur kalo nambah kecap sama sambel,Tidak tentu (dalam satu minggu belum tentu makan bubur ayam),No,No,No,No,No,No,Yes,No,No,No,No,No,No,No,Yes,Yes,No,Yes,No,Yes,No,Yes,No,No,8000,Perempuan,16
4/14/2015 2:41:43,Diaduk,"yha karena lebih enak aja diaduk, jadi nyampur semua. ayamnya dapet, seledrinya dimana mana, sambelnya kerasa. beuh mancay!",Tidak tentu (dalam satu minggu belum tentu makan bubur ayam),No,No,No,No,No,Yes,Yes,No,No,No,No,No,No,No,Yes,Yes,No,Yes,Yes,Yes,No,Yes,No,Yes,8000,Perempuan,16
4/14/2015 8:08:31,Diaduk,karenaa biar semua bumbu / rempah2 indonesia tercampur rata oleh bubur,Tidak tentu (dalam satu minggu belum tentu makan bubur ayam),No,No,No,No,No,No,No,No,Yes,No,No,No,No,No,No,No,No,No,No,No,No,No,No,Yes,8000,Laki-laki,16
4/14/2015 8:18:24,Diaduk,agar ayamnya rata,Tidak tentu (dalam satu minggu belum tentu makan bubur ayam),No,No,No,No,No,No,No,No,No,No,No,No,No,No,No,No,No,No,Yes,Yes,No,Yes,No,No,8000,Perempuan,16
4/14/2015 11:13:31,Diaduk,biar enak lah,Tidak tentu (dalam satu minggu belum tentu makan bubur ayam),No,No,No,No,No,No,Yes,No,No,No,No,No,No,No,No,No,No,No,No,No,No,No,No,Yes,8000,Perempuan,16
4/21/2015 9:12:14,Diaduk,,1,No,Yes,No,No,No,Yes,Yes,No,No,No,No,No,No,No,Yes,Yes,No,No,Yes,No,No,No,No,No,8000,Perempuan,16
4/25/2015 14:58:03,Tidak diaduk,Saya tidak suka bubur ayam yang telah diaduk,Tidak tentu (dalam satu minggu belum tentu makan bubur ayam),No,No,No,No,No,Yes,No,No,No,No,Yes,No,No,No,Yes,Yes,No,No,Yes,Yes,No,Yes,Yes,Yes,8000,Perempuan,16
4/26/2015 16:00:01,Tidak diaduk,kalo diaduk jijik,Tidak tentu (dalam satu minggu belum tentu makan bubur ayam),No,Yes,No,No,No,Yes,Yes,No,Yes,No,Yes,No,No,No,Yes,Yes,No,No,Yes,No,No,Yes,No,No,8000,Perempuan,16
4/13/2015 22:14:07,Diaduk,,Tidak tentu (dalam satu minggu belum tentu makan bubur ayam),No,No,No,No,No,No,No,No,No,No,No,No,No,No,No,No,No,No,Yes,No,No,Yes,No,No,9000,Perempuan,16
4/14/2015 9:00:55,Diaduk,,5,No,No,No,No,No,No,No,No,No,No,No,No,No,No,No,No,No,No,No,No,No,No,No,No,9000,Laki-laki,16
4/13/2015 21:57:24,Diaduk,,5,No,No,No,No,No,Yes,Yes,No,No,No,No,No,No,No,Yes,No,No,Yes,Yes,Yes,No,No,No,No,10000,Perempuan,16
4/13/2015 22:07:20,Diaduk,enak semua nya kecampur,Tidak tentu (dalam satu minggu belum tentu makan bubur ayam),No,Yes,No,No,No,Yes,Yes,No,No,No,Yes,No,No,No,Yes,Yes,No,No,Yes,No,No,No,No,No,10000,Perempuan,16
4/13/2015 22:38:03,Diaduk,tercampur rata,Tidak tentu (dalam satu minggu belum tentu makan bubur ayam),No,Yes,No,No,No,Yes,Yes,No,No,No,Yes,No,No,No,Yes,Yes,No,No,Yes,No,No,Yes,No,No,10000,Laki-laki,16
4/14/2015 6:44:43,Tidak diaduk,lebih enak tidak diaduk krn kebiasaan,Tidak tentu (dalam satu minggu belum tentu makan bubur ayam),No,No,No,No,No,No,Yes,No,No,No,Yes,No,No,No,Yes,No,No,No,No,Yes,No,No,No,No,10000,Perempuan,16
4/14/2015 8:10:28,Diaduk,karena sausnya tidak rata,Tidak tentu (dalam satu minggu belum tentu makan bubur ayam),No,No,No,No,No,No,No,No,No,No,No,No,No,No,No,Yes,No,No,No,No,No,No,No,No,10000,Perempuan,16
4/18/2015 19:23:01,Tidak diaduk,Biar lebih gampang misahin yang gamau dimakan ,Tidak tentu (dalam satu minggu belum tentu makan bubur ayam),No,Yes,No,No,No,Yes,No,No,Yes,No,No,No,No,No,Yes,Yes,No,No,Yes,No,No,No,No,No,10000,Laki-laki,16
4/26/2015 14:06:35,Diaduk,terasa lebih enak,Tidak tentu (dalam satu minggu belum tentu makan bubur ayam),No,No,No,No,No,Yes,Yes,No,Yes,No,Yes,No,No,No,Yes,Yes,No,No,No,Yes,No,No,No,No,10000,Laki-laki,16
4/13/2015 22:19:21,Tidak diaduk,,Tidak tentu (dalam satu minggu belum tentu makan bubur ayam),No,No,No,No,No,No,No,No,No,No,No,No,No,No,Yes,No,No,No,No,No,No,No,Yes,No,11000,Perempuan,16
4/13/2015 22:02:30,Diaduk,,Tidak tentu (dalam satu minggu belum tentu makan bubur ayam),No,Yes,No,No,No,No,No,No,Yes,No,Yes,No,No,No,No,Yes,No,Yes,Yes,No,No,Yes,No,No,12000,Perempuan,16
4/13/2015 22:03:49,Tidak diaduk,"Aneh mengapa harus diaduk? Kecuali jika menggunakan sambal, tetapi saya lebih sering tdk mengaduknya",Tidak tentu (dalam satu minggu belum tentu makan bubur ayam),No,Yes,No,No,No,No,No,No,No,No,No,No,No,No,Yes,Yes,No,Yes,Yes,No,No,Yes,Yes,No,12000,Laki-laki,16
4/13/2015 22:17:41,Diaduk,Enak,Tidak tentu (dalam satu minggu belum tentu makan bubur ayam),No,Yes,No,No,No,Yes,Yes,No,Yes,No,Yes,No,No,No,Yes,Yes,No,Yes,Yes,Yes,Yes,Yes,Yes,Yes,12000,Perempuan,16
4/13/2015 23:09:12,Diaduk,,Tidak tentu (dalam satu minggu belum tentu makan bubur ayam),No,No,No,No,No,No,Yes,No,No,No,No,No,No,No,Yes,Yes,No,Yes,No,No,No,Yes,No,No,12000,Perempuan,16
4/13/2015 23:28:03,Tidak diaduk,"biar keliatannya rapi dan ga aneh rasanya, trus kl ada yg ga suka bisa dipinggirin",Tidak tentu (dalam satu minggu belum tentu makan bubur ayam),No,Yes,No,No,No,No,Yes,No,Yes,No,Yes,No,No,No,No,No,No,No,Yes,No,No,Yes,No,Yes,12000,Perempuan,16
4/14/2015 6:06:56,Diaduk,biar merata rasanya,Tidak tentu (dalam satu minggu belum tentu makan bubur ayam),No,Yes,No,No,No,Yes,Yes,No,Yes,No,Yes,No,No,No,Yes,No,No,No,Yes,No,No,No,Yes,No,12000,Laki-laki,16
4/14/2015 7:38:05,Tidak diaduk,"Kalau diaduk, semua bubur, kecap, ayam jadi bercampur, bikin enek. Kalau tidak diaduk rasa buburnya jadi lebih terasa",Tidak tentu (dalam satu minggu belum tentu makan bubur ayam),No,No,No,No,No,No,Yes,No,No,No,No,No,No,No,Yes,Yes,No,No,No,Yes,No,Yes,No,No,12000,Perempuan,16
4/13/2015 22:13:27,Diaduk,"tidak jelas, mood2an saja mau diaduk atau tidak",Tidak tentu (dalam satu minggu belum tentu makan bubur ayam),No,Yes,No,No,No,Yes,Yes,No,No,No,Yes,No,No,No,Yes,Yes,No,Yes,Yes,Yes,No,Yes,No,Yes,13000,Laki-laki,16
4/13/2015 22:15:58,Diaduk,Karena perpaduan banyak hal adalah budaya Indonesia.,Tidak tentu (dalam satu minggu belum tentu makan bubur ayam),No,Yes,No,No,No,Yes,Yes,No,Yes,No,Yes,No,No,No,Yes,Yes,No,No,Yes,Yes,No,Yes,No,Yes,13000,Laki-laki,16
4/14/2015 8:25:28,Diaduk,Agar bumbu tercampur rata,3,No,Yes,No,No,No,Yes,Yes,No,No,No,Yes,No,No,No,Yes,Yes,No,Yes,Yes,Yes,No,No,No,No,13000,Perempuan,16
4/14/2015 11:27:11,Tidak diaduk,kualitas tekstur topping akan berkurang apabila terlalu terendam dalam bubur (contoh: kerenyahan kerupuk/bawang goreng/daun bawang),Tidak tentu (dalam satu minggu belum tentu makan bubur ayam),Yes,Yes,No,No,No,Yes,Yes,No,No,No,No,No,No,Yes,No,No,No,No,Yes,No,No,No,No,No,13000,Laki-laki,16
4/13/2015 22:03:37,Diaduk,Biar bumbunya meresap.. + cakuenya jadi gooey gajelas gitu,Tidak tentu (dalam satu minggu belum tentu makan bubur ayam),No,Yes,No,No,No,No,Yes,No,No,No,No,No,No,No,Yes,No,No,Yes,No,No,No,No,No,No,15000,Perempuan,16
4/13/2015 22:12:32,Diaduk,"semuanya nyampur, jadinya rasanya rata dan enak :3",Tidak tentu (dalam satu minggu belum tentu makan bubur ayam),No,Yes,No,No,No,Yes,Yes,No,Yes,No,Yes,No,No,No,Yes,Yes,No,Yes,Yes,Yes,No,Yes,Yes,Yes,15000,Laki-laki,16
4/13/2015 22:43:24,Diaduk,Nama angkatan udh singkatannya catragana gausah disingkat catra lagi tks. :),Tidak tentu (dalam satu minggu belum tentu makan bubur ayam),No,Yes,No,No,No,Yes,No,No,No,No,No,No,No,No,No,Yes,No,Yes,Yes,Yes,No,No,No,No,15000,Perempuan,16
4/18/2015 5:48:17,Diaduk,,Tidak tentu (dalam satu minggu belum tentu makan bubur ayam),No,No,No,No,No,Yes,No,Yes,No,No,Yes,No,No,No,No,Yes,No,Yes,Yes,No,No,No,No,No,15000,Laki-laki,16
4/14/2015 12:27:23,Diaduk,Biar lebih enak,3,No,No,No,No,No,No,Yes,No,No,No,No,No,No,No,No,No,No,No,No,No,No,No,No,No,16500,Perempuan,16
4/16/2015 8:03:43,Diaduk,BUMBU SAMA KECAPNYA PAK! BUMBU. SAMA. KECAP. NYAAAAAA!!!!,Tidak tentu (dalam satu minggu belum tentu makan bubur ayam),No,No,No,No,No,No,Yes,No,No,No,No,No,No,No,No,Yes,No,No,No,No,No,No,No,Yes,17000,Perempuan,16
4/13/2015 22:40:10,Tidak diaduk,,Tidak tentu (dalam satu minggu belum tentu makan bubur ayam),No,No,No,No,No,No,Yes,No,No,No,No,No,No,No,Yes,Yes,No,No,Yes,No,No,Yes,No,No,25000,Perempuan,16
4/22/2015 9:04:50,Tidak diaduk,"karena kalo diaduk menjadi tidak selera makan ,seperti makan muntahan orang",Tidak tentu (dalam satu minggu belum tentu makan bubur ayam),No,Yes,No,No,No,Yes,Yes,No,Yes,No,Yes,No,No,No,No,Yes,No,Yes,Yes,No,No,No,Yes,No,6000,Perempuan,17
4/21/2015 22:11:57,Tidak diaduk,,Tidak tentu (dalam satu minggu belum tentu makan bubur ayam),No,No,No,No,No,No,No,No,Yes,No,Yes,No,No,No,No,Yes,No,Yes,Yes,No,No,Yes,Yes,No,7000,Perempuan,17
4/21/2015 22:17:43,Diaduk,Nikmatnya Merata,Tidak tentu (dalam satu minggu belum tentu makan bubur ayam),No,No,No,No,No,Yes,Yes,No,Yes,No,Yes,No,No,No,No,Yes,No,Yes,Yes,No,No,No,Yes,Yes,8000,Perempuan,17
4/13/2015 22:33:26,Tidak diaduk,,Tidak tentu (dalam satu minggu belum tentu makan bubur ayam),No,Yes,No,No,No,No,No,No,No,No,Yes,No,No,No,No,Yes,No,Yes,No,Yes,No,Yes,No,Yes,10000,Perempuan,17
4/14/2015 13:57:29,Diaduk,Supaya bumbunya nyampur dan rasanya pas,Tidak tentu (dalam satu minggu belum tentu makan bubur ayam),No,No,No,No,No,Yes,Yes,No,Yes,No,Yes,No,No,No,Yes,Yes,No,Yes,Yes,No,No,Yes,No,No,10000,Perempuan,17
4/13/2015 22:06:10,Tidak diaduk,kalau diaduk jadi enek,Tidak tentu (dalam satu minggu belum tentu makan bubur ayam),No,No,No,No,No,No,Yes,No,No,No,Yes,No,No,No,Yes,Yes,No,No,No,Yes,No,No,No,No,12000,Perempuan,17
4/14/2015 9:53:04,Tidak diaduk,Lebih enak dan rapih,Tidak tentu (dalam satu minggu belum tentu makan bubur ayam),No,No,No,No,No,No,Yes,No,Yes,No,No,No,No,No,No,Yes,No,Yes,No,Yes,No,Yes,Yes,No,5000,Perempuan,18
4/22/2015 15:14:29,Diaduk,karna bumbu dan komponen di bubur ayam itu bisa tercampur rata.,5,No,No,No,No,No,No,No,No,Yes,No,No,No,No,No,No,No,No,No,No,No,No,Yes,No,No,5000,Perempuan,18
4/14/2015 1:03:27,Tidak diaduk,,2,No,Yes,No,No,No,Yes,Yes,No,Yes,No,Yes,No,No,No,Yes,No,No,No,Yes,Yes,Yes,Yes,No,Yes,7000,Laki-laki,18
4/13/2015 22:41:08,Diaduk,Supaya tidak cepat encer,Tidak tentu (dalam satu minggu belum tentu makan bubur ayam),No,Yes,No,No,No,Yes,Yes,No,Yes,No,Yes,No,No,No,Yes,Yes,No,Yes,Yes,No,No,Yes,No,Yes,9000,Perempuan,18
4/13/2015 22:59:16,Tidak diaduk,Lebih kerasa rasa asli buburnya.,Tidak tentu (dalam satu minggu belum tentu makan bubur ayam),No,Yes,No,No,No,Yes,Yes,No,No,No,No,No,No,No,No,No,No,No,Yes,No,No,No,No,No,10000,Perempuan,18
4/13/2015 22:15:40,Diaduk,lucu,Tidak tentu (dalam satu minggu belum tentu makan bubur ayam),No,No,No,No,No,Yes,Yes,No,No,No,Yes,No,No,No,Yes,Yes,No,Yes,Yes,Yes,No,No,No,No,5000,Perempuan,19
4/13/2015 22:29:55,Diaduk,,Tidak tentu (dalam satu minggu belum tentu makan bubur ayam),No,Yes,No,No,No,Yes,Yes,No,Yes,No,Yes,No,No,No,No,Yes,No,Yes,Yes,Yes,No,Yes,Yes,No,7000,Laki-laki,19
4/13/2015 22:28:21,Tidak diaduk,"Mengaduk bubur sama seperti merusak karya seorang seniman, seperti merusak balance dunia yang sudah diatur dengan posisinya masing2 yang sempurna",Tidak tentu (dalam satu minggu belum tentu makan bubur ayam),No,Yes,No,No,No,Yes,Yes,No,Yes,No,Yes,No,No,No,Yes,Yes,No,No,Yes,No,No,No,No,No,8000,Laki-laki,19
4/13/2015 22:50:56,Diaduk,Supaya semuanya nyampur jadi satu rasa.,Tidak tentu (dalam satu minggu belum tentu makan bubur ayam),No,No,No,No,No,No,Yes,No,Yes,No,Yes,No,No,No,No,Yes,No,No,Yes,No,No,No,No,No,10000,Laki-laki,19
4/15/2015 3:00:41,Diaduk,BIAR BUMBUNYA NYAMPUR,3,No,Yes,No,No,No,Yes,Yes,No,Yes,No,No,No,No,No,Yes,Yes,No,No,Yes,No,No,No,No,No,10000,Laki-laki,19
4/21/2015 17:44:06,Diaduk,bubur harus diaduk. #teamdiaduk,Tidak tentu (dalam satu minggu belum tentu makan bubur ayam),No,Yes,No,No,No,Yes,Yes,No,No,No,Yes,No,No,No,Yes,Yes,No,No,Yes,Yes,Yes,Yes,Yes,Yes,10000,Laki-laki,19
4/14/2015 8:49:31,Tidak diaduk,"kalo diaduk, bubur terlihat seperti sampah dan tidak enak dilihat. dapat mengurangi mood makan.",Tidak tentu (dalam satu minggu belum tentu makan bubur ayam),No,No,No,No,No,Yes,No,No,Yes,No,No,No,No,No,Yes,Yes,No,Yes,Yes,Yes,No,Yes,No,No,12000,Perempuan,19
4/14/2015 18:44:28,Tidak diaduk,kalau diaduk jd encer dan bikin enek,Tidak tentu (dalam satu minggu belum tentu makan bubur ayam),No,Yes,No,No,No,Yes,Yes,No,No,No,Yes,No,No,No,Yes,Yes,No,Yes,Yes,No,No,No,No,No,5000,Perempuan,20
4/13/2015 22:37:44,Diaduk,"biar bumbunya nyampur (kecuali kalo udah dikasih kecap manis, tapi sebelum itu selalu mastiin supaya buburnya gak dikasih kecap manis! >:) )",Tidak tentu (dalam satu minggu belum tentu makan bubur ayam),No,Yes,No,No,No,Yes,No,No,No,No,Yes,No,No,No,Yes,No,No,No,Yes,Yes,Yes,Yes,No,Yes,8000,Perempuan,20
4/14/2015 13:37:07,Diaduk,,Tidak tentu (dalam satu minggu belum tentu makan bubur ayam),No,No,No,No,No,Yes,Yes,No,Yes,No,No,No,No,No,No,Yes,No,No,Yes,Yes,No,Yes,No,Yes,9000,Perempuan,20
4/13/2015 22:59:37,Diaduk,"Mana ada rasanya kalau ga diaduk, lagian kalau ga di aduk, toppingnya abis duluan coy",Tidak tentu (dalam satu minggu belum tentu makan bubur ayam),No,Yes,No,No,No,Yes,Yes,No,Yes,No,Yes,No,No,No,Yes,Yes,No,Yes,Yes,No,Yes,Yes,Yes,Yes,10000,Laki-laki,20
4/13/2015 23:29:53,Tidak diaduk,males ngaduk,1,No,No,No,No,No,No,Yes,No,No,No,No,No,No,No,Yes,Yes,No,No,Yes,No,No,No,No,No,10000,Laki-laki,20
4/14/2015 15:36:59,Diaduk,"gue suka sensasi pedes gtu, dan sambalnya kalo diaduk yah gk berasa pedesnya ke seluruh permukaan itu bubur",3,No,No,No,No,No,No,Yes,No,Yes,No,No,No,No,No,No,No,No,Yes,No,No,No,Yes,No,Yes,10000,Laki-laki,20
4/13/2015 22:32:48,Diaduk,"Tidak higienis ketika memakan kerupuk menggunakan tangan. Biasanya kerupuk bubur ayam yang berwarna lembayung-keputihan ukurannya lebih besar dari mulut saya, jadi pilihannya kalau tidak di aduk, ya.. dihancurkan",Tidak tentu (dalam satu minggu belum tentu makan bubur ayam),No,Yes,Yes,No,No,Yes,Yes,No,No,No,No,No,No,No,Yes,No,No,Yes,Yes,Yes,No,No,No,No,12000,Laki-laki,20
4/13/2015 23:37:41,Diaduk,semua merata di tiap suapan,5,No,Yes,No,No,No,Yes,Yes,No,No,No,Yes,No,No,No,Yes,Yes,No,Yes,Yes,No,No,No,No,No,15000,Laki-laki,20
4/14/2015 5:16:53,Tidak diaduk,"Agar bentuknya tetap terjaga dan tak mencair, enek kalau udh keaduk",Tidak tentu (dalam satu minggu belum tentu makan bubur ayam),No,Yes,No,No,No,Yes,Yes,No,Yes,No,Yes,No,No,No,Yes,No,No,No,Yes,No,No,No,No,No,5000,Perempuan,21
4/13/2015 22:03:42,Diaduk,,Tidak tentu (dalam satu minggu belum tentu makan bubur ayam),No,No,No,No,No,Yes,Yes,No,No,No,Yes,No,No,No,Yes,Yes,No,Yes,Yes,No,No,Yes,Yes,Yes,6000,Perempuan,21
4/14/2015 13:59:04,Diaduk,Supaya bumbunya merata,Tidak tentu (dalam satu minggu belum tentu makan bubur ayam),No,No,No,No,No,Yes,Yes,No,No,No,Yes,No,No,No,Yes,Yes,No,Yes,No,Yes,No,No,No,No,7000,Perempuan,21
4/13/2015 22:00:49,Diaduk,Rasanya lebih berbaur!,Tidak tentu (dalam satu minggu belum tentu makan bubur ayam),No,No,No,No,No,Yes,Yes,No,No,No,No,No,No,No,Yes,Yes,No,Yes,No,Yes,No,No,No,No,8000,Perempuan,21
4/14/2015 0:00:37,Diaduk,"Untuk mendapatkan cita rasa dan campuran yang mirip tapi berbeda di setiap suapan, memberikan sensasi kejutan",Tidak tentu (dalam satu minggu belum tentu makan bubur ayam),No,Yes,No,No,No,Yes,Yes,No,Yes,No,Yes,No,No,No,Yes,Yes,No,Yes,No,No,No,No,No,No,9000,Laki-laki,21
4/14/2015 0:02:51,Diaduk,biar kecampur kuahnya,Tidak tentu (dalam satu minggu belum tentu makan bubur ayam),No,Yes,No,No,No,Yes,Yes,No,No,No,No,No,No,No,Yes,No,No,No,Yes,No,No,No,No,No,9000,Laki-laki,21
4/14/2015 14:24:40,Tidak diaduk,karena kalau diaduk rasanya aneh,3,No,No,No,No,No,Yes,Yes,No,Yes,No,Yes,No,No,No,Yes,Yes,No,Yes,Yes,Yes,No,Yes,Yes,Yes,9000,Laki-laki,21
4/13/2015 22:50:43,Tidak diaduk,suka rasa yang dinamis + kalo mangnya kreatif nata toppingnya jadi bentuk lucu gitu,1,No,Yes,No,No,No,Yes,No,No,Yes,No,No,No,No,No,Yes,Yes,No,No,No,No,No,No,Yes,Yes,10000,Perempuan,21
4/14/2015 1:06:28,Diaduk,,2,No,Yes,No,No,No,No,Yes,No,Yes,No,Yes,No,No,No,Yes,Yes,No,Yes,No,Yes,No,Yes,Yes,Yes,10000,Perempuan,21
4/14/2015 7:14:03,Tidak diaduk,Lebih enak dipandang,Tidak tentu (dalam satu minggu belum tentu makan bubur ayam),No,No,No,No,No,No,Yes,No,Yes,No,No,No,No,No,Yes,No,No,No,Yes,No,No,No,No,No,10000,Perempuan,21
4/14/2015 10:12:01,Diaduk,pas makan jd ga ribet,Tidak tentu (dalam satu minggu belum tentu makan bubur ayam),No,Yes,No,No,No,Yes,Yes,No,Yes,No,Yes,No,No,No,Yes,Yes,No,Yes,Yes,No,No,No,No,No,10000,Laki-laki,21
4/14/2015 22:56:26,Diaduk,rasanya lebih ngeblend,Tidak tentu (dalam satu minggu belum tentu makan bubur ayam),No,Yes,No,No,No,Yes,No,No,No,No,Yes,No,No,No,Yes,Yes,No,Yes,Yes,Yes,Yes,No,No,Yes,10000,Perempuan,21
4/21/2015 9:19:32,Diaduk,"kadang enak diaduk kadang enggak, sama saja rasanya",Tidak tentu (dalam satu minggu belum tentu makan bubur ayam),No,No,No,No,No,No,No,No,No,No,No,No,No,No,No,Yes,No,No,No,No,No,No,No,No,10000,Perempuan,21
4/14/2015 7:39:53,Diaduk,"biar gampang makannya, terus kan berasa surprise gitu ntar pas makan dapet bubur +sesuatunya, karena udah kecampur jadi gatau bakal dapet apa, itu esensinya. Pria punya selera",6,No,Yes,No,No,No,No,No,No,No,No,No,No,No,No,Yes,Yes,No,No,No,No,Yes,Yes,Yes,Yes,11000,Laki-laki,21
4/14/2015 9:20:48,Tidak diaduk,Rasa masing2 elemen bubur dapat dirasakan seutuhnya. selain itu menjaga supaya elemen bubur yg renyah tidak menjadi lembek ketika diaduk dan akhirnya ketika di mulut masih bisa merasakan kerenyahan dan kelembutan dalam saat yg bersamaan. saya tipe org yg suka 'eneg' kalo makan lembek semua.,Tidak tentu (dalam satu minggu belum tentu makan bubur ayam),No,Yes,Yes,No,No,Yes,No,No,No,No,Yes,No,No,No,Yes,Yes,No,No,Yes,No,No,Yes,Yes,No,12000,Perempuan,21
4/15/2015 14:12:55,Tidak diaduk,Kalau diaduk jadi tidak selera karena terkesan menjijikan,4,No,No,No,No,No,Yes,Yes,No,Yes,No,No,No,No,No,Yes,Yes,No,Yes,Yes,No,No,Yes,No,Yes,12000,Perempuan,21
4/21/2015 9:05:19,Diaduk,Sebenernya gak peduli sih mau diaduk atau engga yang penting makan bubur.,Tidak tentu (dalam satu minggu belum tentu makan bubur ayam),No,Yes,No,No,No,Yes,Yes,No,No,No,Yes,No,No,No,Yes,Yes,No,No,Yes,Yes,Yes,Yes,No,Yes,20000,Perempuan,21
4/14/2015 5:13:16,Diaduk,agar rasanya merata,Tidak tentu (dalam satu minggu belum tentu makan bubur ayam),No,Yes,No,No,No,Yes,Yes,No,Yes,No,No,No,No,No,Yes,Yes,No,Yes,Yes,Yes,No,Yes,Yes,Yes,23000,Laki-laki,21
4/14/2015 2:58:57,Diaduk,bumbu merata,Tidak tentu (dalam satu minggu belum tentu makan bubur ayam),No,Yes,No,No,No,Yes,Yes,No,Yes,No,No,No,No,No,Yes,Yes,No,No,Yes,Yes,No,Yes,No,No,5000,Laki-laki,22
4/14/2015 18:32:52,Diaduk,Lebih kerasa enaknya,1,No,Yes,No,No,No,Yes,Yes,No,Yes,No,No,No,No,No,Yes,Yes,No,Yes,Yes,No,No,No,No,No,5000,Laki-laki,22
4/13/2015 22:26:00,Diaduk,supaya rasanya tercampur rata,5,No,Yes,No,No,No,Yes,Yes,No,No,No,Yes,No,No,No,Yes,Yes,No,No,Yes,No,No,No,No,No,6000,Perempuan,22
4/13/2015 22:27:30,Diaduk,Supaya enaknya lebih merata + kerupuknya jadi kecampur dan enak,Tidak tentu (dalam satu minggu belum tentu makan bubur ayam),No,Yes,No,No,No,Yes,Yes,No,No,No,No,No,No,No,Yes,Yes,No,Yes,Yes,No,No,Yes,Yes,Yes,6000,Laki-laki,22
4/13/2015 22:56:11,Diaduk,(y),Tidak tentu (dalam satu minggu belum tentu makan bubur ayam),No,Yes,No,No,No,Yes,No,No,No,No,No,No,No,No,No,No,No,Yes,No,No,No,No,No,No,7000,Perempuan,22
4/13/2015 23:10:01,Diaduk,biar asinnya rata,Tidak tentu (dalam satu minggu belum tentu makan bubur ayam),No,Yes,No,No,No,No,No,No,No,No,Yes,No,No,No,No,No,No,No,No,No,Yes,No,Yes,No,7000,Laki-laki,22
4/14/2015 9:55:32,Tidak diaduk,Dapat merasakan tiap komponennya,2,No,No,No,No,No,Yes,Yes,No,No,No,Yes,No,No,No,Yes,Yes,No,Yes,Yes,Yes,No,No,No,No,7000,Laki-laki,22
4/21/2015 9:25:24,Diaduk,,Tidak tentu (dalam satu minggu belum tentu makan bubur ayam),No,No,No,No,No,No,Yes,No,No,No,No,No,No,No,No,No,No,No,No,No,No,No,No,No,8000,Laki-laki,22
4/23/2015 20:37:46,Tidak diaduk,"kenapa ya, gatau. kebiasaan",Tidak tentu (dalam satu minggu belum tentu makan bubur ayam),No,Yes,No,No,No,Yes,No,No,No,No,Yes,No,No,No,Yes,Yes,No,No,Yes,Yes,No,No,Yes,Yes,8000,Perempuan,22
4/13/2015 22:48:32,Tidak diaduk,Menghindari tekstur sajian yang homogen; malas,Lagi studi di luar negeri cuy bikin iri aja nyebut2 bubur ayam,No,Yes,No,No,No,Yes,Yes,No,Yes,No,Yes,No,No,No,Yes,Yes,No,Yes,Yes,No,No,No,No,No,10000,Laki-laki,22
4/13/2015 22:58:58,Diaduk,sama rata sama rasa,Tidak tentu (dalam satu minggu belum tentu makan bubur ayam),No,Yes,No,No,No,Yes,Yes,No,Yes,No,Yes,No,No,No,Yes,Yes,No,Yes,Yes,No,No,Yes,No,No,10000,Laki-laki,22
4/14/2015 3:42:22,Tidak diaduk,,Tidak tentu (dalam satu minggu belum tentu makan bubur ayam),No,Yes,No,No,No,Yes,No,No,No,No,Yes,No,No,No,Yes,Yes,No,No,No,No,No,No,Yes,Yes,10000,Laki-laki,22
4/13/2015 22:32:23,Tidak diaduk,senang aja,Tidak tentu (dalam satu minggu belum tentu makan bubur ayam),No,Yes,No,No,No,Yes,Yes,No,No,No,Yes,No,No,No,Yes,Yes,No,Yes,Yes,Yes,No,Yes,Yes,Yes,12000,Laki-laki,22
4/14/2015 17:54:59,Diaduk,,Tidak tentu (dalam satu minggu belum tentu makan bubur ayam),No,Yes,No,No,No,Yes,Yes,No,Yes,No,Yes,No,No,No,Yes,Yes,No,Yes,Yes,No,No,No,No,No,13000,Laki-laki,22
4/14/2015 11:51:48,Diaduk,"biar rasanya tercampur satu, dan semua komponen dalam bubur ayam termakan dalam satu lahapan",2,No,Yes,No,No,No,No,No,No,No,No,Yes,No,No,No,Yes,No,No,No,No,Yes,No,Yes,No,No,14000,Perempuan,22
4/14/2015 15:51:01,Diaduk,Biar semua rasa tercampur rata,Tidak tentu (dalam satu minggu belum tentu makan bubur ayam),No,Yes,No,No,No,Yes,Yes,No,No,No,Yes,No,Yes,No,Yes,No,No,Yes,Yes,No,No,No,No,No,14000,Perempuan,22
4/14/2015 14:39:29,Diaduk,biar bumbu tercampur,1,No,Yes,No,No,No,Yes,Yes,No,No,No,Yes,No,No,No,Yes,No,No,No,Yes,Yes,No,No,No,No,15000,Perempuan,22
4/14/2015 16:17:25,Diaduk,,3,No,Yes,No,No,No,Yes,Yes,No,Yes,No,Yes,No,No,No,Yes,Yes,No,Yes,Yes,Yes,No,Yes,No,No,15000,Laki-laki,22
4/15/2015 11:20:21,Diaduk,Agar sekali sendok semua cita rasa terasa merata,Tidak tentu (dalam satu minggu belum tentu makan bubur ayam),No,No,No,No,No,No,No,No,No,No,No,No,No,No,No,Yes,No,No,No,Yes,No,No,No,No,15000,Laki-laki,22
4/16/2015 15:09:52,Tidak diaduk,"bubur ayam diaduk itu ga enak dilihat, ga mengundang selera makan",Tidak tentu (dalam satu minggu belum tentu makan bubur ayam),No,Yes,No,No,No,No,No,No,No,No,No,No,No,No,No,Yes,No,Yes,No,Yes,No,No,No,Yes,15000,Perempuan,22
4/14/2015 0:31:11,Tidak diaduk,,Tidak tentu (dalam satu minggu belum tentu makan bubur ayam),No,Yes,No,No,No,Yes,No,No,No,No,Yes,No,No,No,Yes,No,No,No,No,No,No,No,No,No,18000,Laki-laki,22
4/13/2015 22:51:06,Tidak diaduk,diaduk jelek teeus keripuknya ntar ga krekes2 lagi,Tidak tentu (dalam satu minggu belum tentu makan bubur ayam),No,Yes,No,No,No,Yes,Yes,No,Yes,No,Yes,No,No,No,Yes,Yes,No,No,Yes,No,No,No,No,No,20000,Laki-laki,22
4/14/2015 12:30:11,Tidak diaduk,"gak mau merusak display, indah dan cantik ",Tidak tentu (dalam satu minggu belum tentu makan bubur ayam),No,Yes,No,No,No,Yes,Yes,No,Yes,No,Yes,No,No,No,Yes,Yes,No,Yes,Yes,Yes,Yes,Yes,Yes,Yes,20000,Laki-laki,22
4/14/2015 8:21:50,Diaduk,,Tidak tentu (dalam satu minggu belum tentu makan bubur ayam),No,No,No,No,No,No,No,No,No,No,No,No,No,No,No,Yes,No,No,Yes,No,No,No,No,No,25000,Laki-laki,22
4/21/2015 13:09:11,Diaduk,,Tidak tentu (dalam satu minggu belum tentu makan bubur ayam),No,Yes,No,No,No,No,Yes,No,Yes,No,Yes,No,No,No,Yes,Yes,No,Yes,Yes,No,No,No,No,No,5000,Perempuan,23
4/14/2015 1:04:08,Diaduk,biar bumbunya nyampur dan meresap rata :9,Tidak tentu (dalam satu minggu belum tentu makan bubur ayam),No,Yes,Yes,No,No,Yes,Yes,No,Yes,No,Yes,No,No,No,Yes,Yes,No,Yes,Yes,No,No,No,No,No,6000,Laki-laki,23
4/13/2015 23:12:07,Diaduk,"Tidak suka kecapnya diatas, lebih baik menyatu dengan buburnya.",< 1 tahun sekali,No,Yes,No,No,No,Yes,Yes,No,No,No,Yes,No,No,No,Yes,Yes,No,No,Yes,No,No,No,No,No,7000,Laki-laki,23
4/14/2015 7:39:21,Diaduk,"awal makan sih ga diaduk, tp setelah buburnya tinggal dikit baru diaduk",Tidak tentu (dalam satu minggu belum tentu makan bubur ayam),No,No,No,No,No,No,Yes,No,No,No,No,No,No,No,No,No,No,Yes,Yes,No,No,Yes,No,No,7000,Perempuan,23
4/15/2015 18:23:34,Tidak diaduk,"rapih aja keliatannya gak berantakan. emang karena syanya gak suka berantakan. lebih enak diliat juga. gak suka diaduk juga awalnya karena dri nyokap dr awal kecil dikasih bubur gak diaduk. dn waktu itu juga gak terlalu suka semua komponen bubur seperti kacang, seledri, sambal. jadi milih gak diaduk.",Tidak tentu (dalam satu minggu belum tentu makan bubur ayam),No,No,No,No,No,No,No,No,No,No,Yes,No,No,No,No,No,No,No,No,Yes,No,Yes,No,No,7000,Perempuan,23
4/15/2015 21:04:50,Tidak diaduk,,Tidak tentu (dalam satu minggu belum tentu makan bubur ayam),No,No,No,No,No,No,No,No,No,No,No,No,No,No,No,Yes,No,No,No,No,No,Yes,No,No,7000,Perempuan,23
4/14/2015 0:11:21,Tidak diaduk,klo diaduk jd eneg,Tidak tentu (dalam satu minggu belum tentu makan bubur ayam),No,Yes,No,No,No,Yes,Yes,No,Yes,No,Yes,Yes,No,No,Yes,Yes,No,Yes,Yes,No,No,No,No,No,8000,Perempuan,23
4/14/2015 3:36:28,Tidak diaduk,Terlihat elegan dan sopan. ,2,No,No,No,No,No,Yes,No,No,No,No,No,No,No,No,Yes,Yes,No,No,No,No,No,No,No,No,8000,Laki-laki,23
4/14/2015 9:35:58,Diaduk,,Tidak tentu (dalam satu minggu belum tentu makan bubur ayam),No,Yes,No,No,No,Yes,Yes,No,Yes,No,Yes,No,No,No,Yes,Yes,No,Yes,Yes,No,No,Yes,No,Yes,8000,Laki-laki,23
4/14/2015 13:07:20,Diaduk,"enakan diaduk, karna merata rasanya, jangan lupa ditambah ayam, kalo gak pake ayam bubur terasa hambar :v","gak tentu sih, kadang pernah sehari dua kali makan.. ",No,Yes,No,No,No,Yes,Yes,No,No,No,Yes,No,No,No,Yes,Yes,No,Yes,Yes,Yes,No,Yes,Yes,Yes,8000,Laki-laki,23
4/14/2015 13:34:29,Tidak diaduk,"Kalau diaduk jadi jijik, Bro! :))",Tidak tentu (dalam satu minggu belum tentu makan bubur ayam),No,Yes,No,No,No,Yes,Yes,No,Yes,No,Yes,No,No,No,Yes,Yes,No,Yes,Yes,No,No,No,No,No,8000,Perempuan,23
4/15/2015 9:15:59,Tidak diaduk,"bubur kalo di aduk bentuknya gak estetis, saya sebagai lulusan pendidikan seni rupa menolak hal tersebut. biarlah 'dapur' kami saja yang berantakan acak acakan tidak jelas yang memang itu adalah proses dari kami berkarya begitupun dengan bubur. paduan warna warni dari komposisi toping bubur yang sangat estetis itu lah yang nenarik. bahkan bisa di jadikan judul TA mungkin, ""sajian bubur ayam sebagai inspirasi dalam karya lukis dengan teknik kolase biji beras dan kerupuk"", jadi gak sebatas judul sinetron saja. :)",Tidak tentu (dalam satu minggu belum tentu makan bubur ayam),No,Yes,No,No,No,No,No,No,No,No,Yes,No,No,No,No,Yes,No,Yes,No,No,No,Yes,No,No,8000,Perempuan,23
4/23/2015 0:41:54,Diaduk,"supaya rasa lebih homogen, ",Tidak tentu (dalam satu minggu belum tentu makan bubur ayam),No,Yes,No,No,No,Yes,No,No,No,No,Yes,No,No,No,No,No,No,Yes,Yes,No,No,No,No,No,8000,Laki-laki,23
4/14/2015 5:44:07,Tidak diaduk,karena saya lebih suka sajiannya tanpa di aduk,Tidak tentu (dalam satu minggu belum tentu makan bubur ayam),No,No,No,No,No,No,No,No,No,No,No,No,No,No,No,No,No,Yes,No,No,No,Yes,No,No,9000,Perempuan,23
4/13/2015 22:12:50,Diaduk,Kerupuknya jadi menyerap kerupuk dan enak dimakan karena tidak mengganggu tekstur bubur yang lembut. ,Tidak tentu (dalam satu minggu belum tentu makan bubur ayam),No,Yes,No,No,No,No,Yes,No,No,No,No,No,No,No,Yes,No,No,No,No,No,No,Yes,No,No,10000,Perempuan,23
4/14/2015 2:21:15,Diaduk,diaduk,3,No,Yes,No,No,No,Yes,Yes,No,No,No,No,No,No,No,Yes,No,No,Yes,No,No,No,No,No,Yes,10000,Laki-laki,23
4/14/2015 6:56:35,Tidak diaduk,Lebih enak tidak diaduk.,Tidak tentu (dalam satu minggu belum tentu makan bubur ayam),No,No,No,No,No,No,No,No,No,No,No,No,No,No,Yes,No,No,No,No,Yes,No,No,No,No,10000,Perempuan,23
4/14/2015 8:34:15,Tidak diaduk,,Tidak tentu (dalam satu minggu belum tentu makan bubur ayam),No,No,No,No,No,No,No,No,Yes,No,No,No,No,No,No,Yes,No,Yes,No,Yes,No,Yes,No,No,10000,Perempuan,23
4/14/2015 12:26:33,Tidak diaduk,Biar elegan,1,No,Yes,No,No,No,Yes,No,No,Yes,No,Yes,No,No,No,Yes,Yes,No,Yes,No,No,No,No,No,Yes,10000,Laki-laki,23
4/14/2015 13:26:59,Diaduk,biar dalam sekali suap ada semua komponen bubur ayamnya,Tidak tentu (dalam satu minggu belum tentu makan bubur ayam),No,Yes,No,No,No,Yes,Yes,No,No,No,Yes,No,No,No,Yes,No,No,Yes,Yes,No,No,No,No,No,10000,Laki-laki,23
4/15/2015 22:49:52,Diaduk,Udah naluri aja sih,2,No,No,No,No,No,Yes,Yes,No,Yes,No,Yes,No,No,No,Yes,Yes,No,No,Yes,Yes,No,No,No,No,10000,Perempuan,23
4/21/2015 9:34:49,Diaduk,lebih mantap,Tidak tentu (dalam satu minggu belum tentu makan bubur ayam),No,Yes,No,No,No,Yes,Yes,No,Yes,No,Yes,No,No,No,Yes,Yes,No,Yes,Yes,No,No,Yes,No,No,10000,Laki-laki,23
4/13/2015 22:20:14,Diaduk,liat orang sekitaran pada ngaduk jadi ikutan ngaduk,Tidak tentu (dalam satu minggu belum tentu makan bubur ayam),No,No,No,No,No,No,Yes,No,No,No,Yes,No,No,No,No,No,No,Yes,Yes,No,Yes,No,No,Yes,12000,Laki-laki,23
4/13/2015 23:18:24,Diaduk,Biar gurihnya merata,1,No,Yes,No,No,No,Yes,Yes,No,Yes,No,No,No,No,No,Yes,No,No,No,Yes,No,No,No,No,No,12000,Laki-laki,23
4/14/2015 7:28:39,Tidak diaduk,Sebenernya diaduk tpi di akhir. alasannya yaa suka aja.,Tidak tentu (dalam satu minggu belum tentu makan bubur ayam),No,Yes,No,No,No,Yes,Yes,No,Yes,Yes,Yes,No,No,No,Yes,Yes,No,No,Yes,No,No,No,No,Yes,12000,Laki-laki,23
4/14/2015 10:31:44,Tidak diaduk,bentuknya masih bagus dan rasanya lebih enak,Tidak tentu (dalam satu minggu belum tentu makan bubur ayam),No,Yes,No,No,No,Yes,Yes,No,No,No,Yes,No,No,No,Yes,Yes,No,Yes,Yes,Yes,Yes,No,Yes,Yes,12000,Perempuan,23
4/14/2015 10:32:36,Diaduk,lebih enak nyampur,2,No,Yes,No,No,No,Yes,No,No,No,No,Yes,No,No,No,Yes,No,No,No,Yes,Yes,No,No,Yes,Yes,12000,Laki-laki,23
4/14/2015 18:28:25,Diaduk,yang tidak mengaduk itu pemuja setan,Tidak tentu (dalam satu minggu belum tentu makan bubur ayam),No,Yes,No,No,No,Yes,Yes,No,Yes,No,Yes,No,No,No,Yes,Yes,No,Yes,Yes,Yes,Yes,Yes,Yes,Yes,12000,Laki-laki,23
4/21/2015 9:10:49,Diaduk,lebih enak,Tidak tentu (dalam satu minggu belum tentu makan bubur ayam),No,No,No,No,No,No,Yes,No,No,No,Yes,No,No,No,Yes,Yes,No,Yes,Yes,No,No,Yes,Yes,No,12000,Perempuan,23
4/14/2015 15:30:39,Diaduk,rasanya merata,Tidak tentu (dalam satu minggu belum tentu makan bubur ayam),No,Yes,No,No,No,Yes,Yes,No,Yes,No,No,No,No,No,Yes,No,No,Yes,Yes,No,Yes,No,Yes,Yes,13000,Laki-laki,23
4/13/2015 22:35:48,Tidak diaduk,"Merusak bentuk, kalau diaduk bentuknya tidak karuan dan mirip seperti maaf, ""muntah""",5,No,Yes,No,No,No,Yes,Yes,No,No,No,Yes,No,No,No,Yes,No,No,Yes,Yes,Yes,No,Yes,Yes,Yes,15000,Laki-laki,23
4/13/2015 23:57:53,Diaduk,,Tidak tentu (dalam satu minggu belum tentu makan bubur ayam),No,Yes,No,No,No,Yes,Yes,No,Yes,No,Yes,No,No,No,Yes,No,No,No,Yes,Yes,Yes,Yes,No,No,15000,Laki-laki,23
4/14/2015 8:03:24,Diaduk,biar lebih berasa bumbunya,Tidak tentu (dalam satu minggu belum tentu makan bubur ayam),No,No,No,No,No,Yes,Yes,No,No,No,No,No,No,No,Yes,No,No,Yes,Yes,No,Yes,No,No,No,15000,Perempuan,23
4/15/2015 2:17:07,Tidak diaduk,lebih rapi,Tidak tentu (dalam satu minggu belum tentu makan bubur ayam),No,Yes,Yes,No,No,Yes,Yes,No,Yes,No,Yes,No,No,No,Yes,No,No,No,Yes,Yes,No,Yes,Yes,Yes,15000,Laki-laki,23
4/14/2015 16:42:55,Diaduk,,Tidak tentu (dalam satu minggu belum tentu makan bubur ayam),No,Yes,No,No,No,Yes,Yes,No,Yes,No,Yes,No,No,No,Yes,Yes,No,No,Yes,Yes,No,No,No,Yes,20000,Laki-laki,23
4/13/2015 22:40:40,Tidak diaduk,Lebih indah bentuknya,1,No,Yes,No,No,No,Yes,Yes,No,Yes,No,No,No,No,No,Yes,Yes,No,No,Yes,No,No,No,No,No,6000,Perempuan,24
4/14/2015 19:30:46,Tidak diaduk,biar ga enek,Tidak tentu (dalam satu minggu belum tentu makan bubur ayam),No,Yes,No,No,No,No,No,No,No,No,No,No,No,No,Yes,No,No,No,Yes,No,No,No,No,No,6000,Perempuan,24
4/24/2015 5:33:04,Tidak diaduk,kalo diaduk jadi kayak muntahan,Tidak tentu (dalam satu minggu belum tentu makan bubur ayam),No,Yes,No,No,No,Yes,Yes,No,No,No,Yes,No,No,No,Yes,Yes,No,Yes,Yes,No,No,No,No,No,7000,Perempuan,24
4/13/2015 23:00:39,Diaduk,Rasa lebih merata,Tidak tentu (dalam satu minggu belum tentu makan bubur ayam),No,Yes,No,No,No,Yes,Yes,No,Yes,No,No,No,No,No,No,Yes,No,Yes,Yes,No,No,No,No,No,8000,Laki-laki,24
4/14/2015 7:06:23,Diaduk,,Tidak tentu (dalam satu minggu belum tentu makan bubur ayam),No,No,No,No,No,No,Yes,No,No,No,Yes,No,No,No,No,Yes,No,Yes,Yes,Yes,No,No,No,No,8000,Perempuan,24
4/14/2015 18:20:47,Tidak diaduk,lebih enak dilihat,Tidak tentu (dalam satu minggu belum tentu makan bubur ayam),No,Yes,No,No,No,Yes,Yes,No,Yes,No,Yes,No,No,No,Yes,Yes,No,Yes,Yes,Yes,No,Yes,Yes,Yes,8000,Laki-laki,24
4/15/2015 0:55:14,Diaduk,instinctive,Tidak tentu (dalam satu minggu belum tentu makan bubur ayam),No,No,No,No,No,No,Yes,No,No,No,No,No,No,No,No,No,No,Yes,Yes,Yes,No,No,No,No,8000,Perempuan,24
4/15/2015 3:45:43,Tidak diaduk,,Tidak tentu (dalam satu minggu belum tentu makan bubur ayam),No,No,No,No,No,Yes,No,No,No,No,No,No,No,No,No,No,No,Yes,No,Yes,No,No,Yes,Yes,8000,Perempuan,24
4/14/2015 5:19:42,Diaduk,,Tidak tentu (dalam satu minggu belum tentu makan bubur ayam),No,No,No,No,No,Yes,Yes,No,Yes,No,Yes,No,No,No,Yes,Yes,No,Yes,Yes,Yes,No,Yes,No,Yes,9000,Laki-laki,24
4/14/2015 16:08:04,Tidak diaduk,"Hargai dong tukang buburnya! Dia udah cape2 menata susunan komposisi, eh, malah diancurin..",Tidak tentu (dalam satu minggu belum tentu makan bubur ayam),No,Yes,No,No,No,Yes,Yes,No,Yes,No,Yes,No,No,No,Yes,Yes,No,Yes,Yes,Yes,No,Yes,No,No,10000,Laki-laki,24
4/14/2015 18:40:48,Diaduk,enak aja,Tidak tentu (dalam satu minggu belum tentu makan bubur ayam),No,Yes,No,No,No,No,Yes,No,No,No,Yes,No,No,No,Yes,No,No,Yes,Yes,Yes,Yes,No,No,Yes,10000,Laki-laki,24
4/25/2015 11:05:33,Tidak diaduk,kalau diaduk terlihat menjijikan,Tidak tentu (dalam satu minggu belum tentu makan bubur ayam),No,Yes,No,No,No,Yes,No,No,Yes,No,No,No,No,No,No,Yes,No,No,No,No,No,No,No,No,10000,Perempuan,24
4/14/2015 19:13:53,Tidak diaduk,supaya topping ngga lembek,Tidak tentu (dalam satu minggu belum tentu makan bubur ayam),No,Yes,No,Yes,No,Yes,Yes,No,Yes,No,No,No,No,No,Yes,Yes,No,No,Yes,Yes,No,No,No,No,11000,Laki-laki,24
4/13/2015 22:30:00,Diaduk,"ngga sengaduk itu juga sih, cuma diuyek-uyek aja","biasanya 2,5 kali, yang ketiga setengah porsi",Yes,No,No,No,No,Yes,No,No,No,No,Yes,No,No,No,Yes,Yes,No,No,Yes,No,No,No,No,No,12000,Laki-laki,24
4/13/2015 23:02:15,Diaduk,biar merata,Tidak tentu (dalam satu minggu belum tentu makan bubur ayam),No,Yes,No,No,No,No,Yes,No,Yes,No,Yes,No,No,No,Yes,Yes,No,Yes,Yes,Yes,No,Yes,No,No,12000,Laki-laki,24
4/13/2015 23:57:37,Diaduk,bubur ayam bukanlah bubur ayam jikalau tidak diaduk,Tidak tentu (dalam satu minggu belum tentu makan bubur ayam),No,Yes,No,No,No,No,Yes,No,Yes,No,Yes,No,No,No,Yes,No,No,Yes,Yes,Yes,Yes,Yes,No,No,12000,Perempuan,24
4/14/2015 5:43:24,Diaduk,,1,No,No,No,No,No,No,Yes,No,Yes,No,Yes,No,No,No,Yes,Yes,No,Yes,Yes,Yes,No,No,Yes,Yes,12000,Laki-laki,24
4/15/2015 13:03:16,Diaduk,"lebih enak, tercampur semua rasa bumbu dan sambalnya",Tidak tentu (dalam satu minggu belum tentu makan bubur ayam),No,No,No,No,No,Yes,Yes,No,Yes,No,Yes,No,No,No,No,Yes,No,Yes,Yes,No,No,No,Yes,No,12000,Perempuan,24
4/16/2015 13:34:25,Tidak diaduk,"geli liat bubur diaduk, bentuknya seperti m*ntah",3,No,Yes,No,No,No,Yes,Yes,No,Yes,No,Yes,No,No,No,Yes,Yes,No,Yes,No,No,No,Yes,Yes,Yes,12000,Perempuan,24
4/13/2015 22:34:54,Diaduk,"Supaya semua bumbunya merata, layaknya mie goreng gitu.",Tidak tentu (dalam satu minggu belum tentu makan bubur ayam),Yes,No,No,No,No,No,No,No,No,No,No,No,No,No,No,Yes,No,No,Yes,No,No,No,No,Yes,13000,Laki-laki,24
4/14/2015 17:10:33,Tidak diaduk,Lebih rapih,Tidak tentu (dalam satu minggu belum tentu makan bubur ayam),No,Yes,No,No,No,Yes,Yes,No,Yes,Yes,No,No,No,No,Yes,Yes,No,Yes,Yes,No,No,Yes,No,Yes,13000,Laki-laki,24
4/21/2015 9:44:23,Tidak diaduk,karena kalo diaduk jadi keliatan menggelikan haha,Tidak tentu (dalam satu minggu belum tentu makan bubur ayam),No,No,No,No,No,No,Yes,No,No,No,No,No,No,No,No,Yes,No,No,No,Yes,No,No,No,Yes,13000,Perempuan,24
4/15/2015 17:37:57,Tidak diaduk,Terjaga keindahannya.,Tidak tentu (dalam satu minggu belum tentu makan bubur ayam),No,Yes,No,No,Yes,Yes,Yes,No,Yes,No,Yes,No,No,No,Yes,Yes,No,Yes,Yes,No,No,No,No,No,15000,Laki-laki,24
4/21/2015 9:36:02,Tidak diaduk,,Tidak tentu (dalam satu minggu belum tentu makan bubur ayam),No,Yes,No,No,No,No,No,No,No,No,Yes,No,No,No,Yes,Yes,No,No,Yes,No,Yes,Yes,No,No,15000,Perempuan,24
4/13/2015 22:45:14,Diaduk,"Rasa yang merata, cita rasa melebihi keindahan semata",Tidak tentu (dalam satu minggu belum tentu makan bubur ayam),No,Yes,No,No,No,No,Yes,No,Yes,No,Yes,No,No,No,Yes,Yes,No,Yes,Yes,Yes,No,Yes,Yes,Yes,20000,Laki-laki,24
4/16/2015 17:42:37,Diaduk,"[ALASAN 1] Sama kayak pizza, bubur hanya enak jika bercampur dengan topping. Kecuali kamu sedang sakit dan hanya boleh makan bubur polosan saja. Agar rasa bubur+topping menyatu dan rata seutuhnya, tidak ada cara lain selain mengaduknya. ||| [ALASAN 2] Porsi topping SELALU lebih sedikit dari buburnya. (Jika lebih banyak, maka namanya bukan bubur ayam!) Jika bubur tidak diaduk; topingnya harus dihemat agar buburnya tidak sisa. Karena kalau buburnya masih tersisa, sementara toppingnya udah habis dimakan, orang akan males ngabisin bubur polosan yang rasanya hambar itu. Mubazir. Nah, utk menghindari merasakan bubur hambar itu, maka bubur dan topping sebaiknya diaduk. ||| [ALASAN 3] Jika bubur ayam itu memakai telur mentah seperti misalnya Bubur Barito, maka wajib diaduk. Karena —meskipun enak— telur mentah rentan dengan bakteri salmonella yg bisa menyebabkan penyakit. Nah, bakteri ini mati di suhu 70ºC+, jadi dengan mengaduk telor dengan buburnya, kita bisa menikmati bubur tanpa perlu khawatir kena penyakit.||| ",Tidak tentu (dalam satu minggu belum tentu makan bubur ayam),No,No,No,No,No,Yes,No,No,No,No,Yes,No,No,No,Yes,No,No,Yes,Yes,No,No,No,Yes,Yes,20000,Perempuan,24
4/14/2015 7:12:44,Tidak diaduk,,4,No,No,No,No,No,No,No,No,No,No,No,No,No,No,No,No,No,Yes,No,No,No,No,No,Yes,7000,Perempuan,25
4/14/2015 7:33:03,Tidak diaduk,Sebetulnya tidak tentu,Tidak tentu (dalam satu minggu belum tentu makan bubur ayam),No,Yes,No,No,No,No,Yes,No,No,No,Yes,No,No,No,Yes,Yes,No,No,Yes,Yes,No,No,No,No,7000,Laki-laki,25
4/13/2015 23:06:20,Diaduk,biar rasanya merata,1,No,Yes,No,No,No,Yes,Yes,No,Yes,No,Yes,No,No,No,No,Yes,No,Yes,Yes,Yes,No,No,No,No,8000,Perempuan,25
4/13/2015 22:46:56,Diaduk,supaya bumbunya rata,Tidak tentu (dalam satu minggu belum tentu makan bubur ayam),No,No,No,No,No,Yes,Yes,No,Yes,No,Yes,No,No,No,No,Yes,No,Yes,Yes,No,No,No,No,No,10000,Laki-laki,25
4/15/2015 15:38:27,Tidak diaduk,"saya membiarkan mereka tercampur sendiri di mulut, ngga diaduk lebih enak dilihat dan lebih menggairahkan",6,No,No,No,No,No,No,Yes,No,No,No,No,No,No,No,No,Yes,No,Yes,Yes,No,No,Yes,No,No,15000,Perempuan,25
4/14/2015 10:16:14,Tidak diaduk,,Tidak tentu (dalam satu minggu belum tentu makan bubur ayam),No,No,No,No,No,No,Yes,No,No,No,No,No,No,No,No,No,No,No,No,No,No,No,No,Yes,7000,Laki-laki,26
4/13/2015 23:06:20,Tidak diaduk,,3,No,Yes,No,No,No,No,No,No,Yes,No,No,No,No,No,No,Yes,No,No,Yes,No,Yes,No,Yes,Yes,10000,Laki-laki,26
4/14/2015 23:03:29,Diaduk,,2,No,Yes,No,No,No,Yes,Yes,No,No,No,Yes,No,No,No,Yes,No,No,Yes,Yes,Yes,Yes,No,No,Yes,10000,Perempuan,26
4/15/2015 18:26:20,Tidak diaduk,Setiapan suapan memiliki cita rasa yang berbeda,"tergantunga mood, bisa 7 kali bisa 1 kali dalam seminggu",No,Yes,No,No,No,Yes,Yes,No,Yes,No,Yes,No,No,No,Yes,Yes,No,Yes,Yes,No,Yes,No,No,Yes,10000,Perempuan,26
4/14/2015 5:11:25,Diaduk,bumbu merata,Tidak tentu (dalam satu minggu belum tentu makan bubur ayam),No,Yes,No,No,No,Yes,Yes,No,Yes,No,Yes,No,No,No,No,Yes,No,Yes,Yes,No,No,Yes,Yes,Yes,12000,Laki-laki,26
4/14/2015 13:19:43,Tidak diaduk,biar tidak jijik,1,No,No,No,No,No,Yes,Yes,No,Yes,No,Yes,No,No,No,Yes,Yes,No,No,Yes,Yes,No,No,Yes,No,10000,Perempuan,27
4/21/2015 9:13:06,Tidak diaduk,,Tidak tentu (dalam satu minggu belum tentu makan bubur ayam),No,Yes,No,No,No,Yes,No,No,Yes,No,No,No,No,No,Yes,Yes,No,No,No,No,No,No,No,No,10000,Laki-laki,27
4/13/2015 23:11:00,Diaduk,,Tidak tentu (dalam satu minggu belum tentu makan bubur ayam),No,Yes,No,No,No,Yes,Yes,No,No,No,Yes,No,No,No,Yes,Yes,No,No,Yes,No,No,No,Yes,Yes,13000,Laki-laki,28
4/15/2015 9:33:51,Tidak diaduk,Nyampur manual setiap nyuap,Tidak tentu (dalam satu minggu belum tentu makan bubur ayam),No,No,No,No,No,Yes,Yes,No,No,No,Yes,No,No,No,Yes,Yes,No,Yes,Yes,Yes,Yes,Yes,Yes,Yes,10000,Laki-laki,31
4/14/2015 5:29:17,Diaduk,"biar semua bumbu terasuk rata dong,nunu",Tidak tentu (dalam satu minggu belum tentu makan bubur ayam),No,No,No,No,No,Yes,No,No,No,No,Yes,No,No,No,Yes,No,No,Yes,No,No,No,No,Yes,Yes,8000,Perempuan,32
4/14/2015 16:36:00,Tidak diaduk,,Tidak tentu (dalam satu minggu belum tentu makan bubur ayam),No,Yes,No,No,No,Yes,Yes,No,Yes,No,Yes,No,No,No,Yes,No,No,No,Yes,No,No,Yes,Yes,No,10000,Perempuan,34
4/14/2015 7:31:06,Tidak diaduk,"kalau diaduk,tdk bagus penampakannya",2,No,No,No,No,No,No,Yes,No,Yes,No,No,No,No,No,Yes,Yes,No,Yes,No,No,No,No,No,Yes,14000,Perempuan,47
4/14/2015 7:39:28,Tidak diaduk,makan dari pinggir mangkuk,Tidak tentu (dalam satu minggu belum tentu makan bubur ayam),No,No,No,No,No,Yes,Yes,No,Yes,No,No,No,No,No,Yes,No,No,Yes,Yes,No,No,Yes,Yes,Yes,20000,Perempuan,50
